Enumeration ID,Enum ordinal,Enum value,Enum value desc
TBL_BEGIN,?,?,?
78,1,yes,enumeration_text
78,2,no,enumeration_text
79,1,yes,enumeration_text
79,2,no,enumeration_text
80,1,yes,enumeration_text
80,2,no,enumeration_text
81,1,yes,enumeration_text
81,2,no,enumeration_text
82,1,yes,enumeration_text
82,2,no,enumeration_text
83,1,all disulfide bound,enumeration_text
83,2,all other bound,enumeration_text
83,3,all free,enumeration_text
83,4,not present,enumeration_text
83,5,not available,enumeration_text
83,6,unknown,enumeration_text
83,7,not reported,enumeration_text
83,8,free and disulfide bound,enumeration_text
83,9,free and other bound,enumeration_text
83,10,free disulfide and other bound,enumeration_text
83,11,disulfide and other bound,enumeration_text
92,1,PDB,"Protein Data Bank"
92,2,BMRB,"BioMagResBank"
92,3,DBJ,enumeration_text
92,4,EMBL,enumeration_text
92,5,GenBank,enumeration_text
92,6,NDB,"Nucleic Acid Data Bank"
92,7,PIR,enumeration_text
92,8,PRF,enumeration_text
92,9,REF,enumeration_text
92,10,SWISS-PROT,enumeration_text
91,1,yes,enumeration_text
91,2,no,enumeration_text
93,1,X-ray,enumeration_text
93,2,solution NMR,enumeration_text
93,3,solid-state NMR,enumeration_text
93,4,FTIR,enumeration_text
93,5,mass spectrometry,enumeration_text
93,6,XAFS,enumeration_text
95,1,Extremely slow exchange,enumeration_text
95,2,Slow exchange,enumeration_text
95,3,Intermediate exchange,enumeration_text
95,4,Fast exchange,enumeration_text
95,5,No interaction,enumeration_text
94,1,IUPAC,enumeration_text
94,2,CAS name,enumeration_text
94,3,CAS registry number,enumeration_text
94,4,BMRB,enumeration_text
84,1,protein monomer,enumeration_text
84,2,protein homo-multimer,enumeration_text
84,3,protein hetero-multimer,enumeration_text
84,4,RNA single strand,enumeration_text
84,5,RNA double strand,enumeration_text
84,6,DNA single strand,enumeration_text
84,7,DNA double strand,enumeration_text
84,8,DNA-RNA hybrid,enumeration_text
84,9,polysaccharide,enumeration_text
84,10,protein-nucleic acid complex,enumeration_text
84,11,protein-inhibitor complex,enumeration_text
84,12,protein-drug complex,enumeration_text
84,13,protein-ligand complex,enumeration_text
84,14,protein-protein complex,enumeration_text
84,15,protein-DNA complex,enumeration_text
84,16,protein-DNA-ligand complex,enumeration_text
84,17,protein-DNA-inhibitor complex,enumeration_text
84,18,protein-RNA complex,enumeration_text
84,19,protein-RNA-ligand complex,enumeration_text
84,20,protein-RNA-inhibitor complex,enumeration_text
84,21,protein-carbohydrate complex,enumeration_text
84,22,DNA-drug complex,enumeration_text
84,23,DNA-RNA complex,enumeration_text
84,24,RNA-drug complex,enumeration_text
201,1,1,enumeration_text
201,2,2,enumeration_text
201,3,3,enumeration_text
201,4,4,enumeration_text
201,5,5,enumeration_text
201,6,6,enumeration_text
201,7,9,enumeration_text
292,1,1,"Flag indicating that the atom is in an ordered region of the structure."
292,2,0,"Flag indicating that the atom is in a poorly ordered region of the structure."
96,1,yes,enumeration_text
96,2,no,enumeration_text
321,1,?,enumeration_text
322,1,isotropic,enumeration_text
322,2,anisotropic,enumeration_text
322,3,solid,enumeration_text
128,1,yes,enumeration_text
128,2,no,enumeration_text
129,1,yes,enumeration_text
129,2,no,enumeration_text
125,1,yes,enumeration_text
125,2,no,enumeration_text
126,1,yes,enumeration_text
126,2,no,enumeration_text
140,1,yes,enumeration_text
140,2,no,enumeration_text
141,1,yes,enumeration_text
141,2,no,enumeration_text
143,1,yes,enumeration_text
143,2,no,enumeration_text
144,1,yes,enumeration_text
144,2,no,enumeration_text
139,1,R,"rectus - right handed configuration"
139,2,S,"sinister - left handed configuration"
139,3,N,"atom is not a chiral center"
139,4,E,"(E)- alkene (German$ entgegen = opposite)"
139,5,Z,"(Z)- alkene (German$ zusammen = together)"
142,1,main,"main chain of an amino acid"
142,2,side,"side chain of an amino acid"
142,3,base,"base of a nucleic acid"
142,4,phos,"phosphate of a nucleic acid"
142,5,sugar,"sugar of a nucleic acid"
142,6,none,"not appropriate for this monomer"
135,1,OECHEM,"OpenEye OECHEM library"
135,2,CACTVS,"CACTVS program library"
135,3,DAYLIGHT,"Daylight program library"
135,4,OTHER,"Other program or library"
134,1,SMILES_CANNONICAL,deprecated
134,2,SMILES_CANONICAL,"Canonical SMILES descriptor"
134,3,SMILES,"SMILES descriptor"
134,4,INCHI,"InChi descriptor"
134,5,INCHI_MAIN,"InChi descriptor- main layer"
134,6,INCHI_MAIN_FORMULA,"InChi descriptor- main layer - chemical formula sub-layer"
134,7,INCHI_MAIN_CONNECT,"InChi descriptor- main layer - atom connection sub-layer"
134,8,INCHI_MAIN_HATOM,"InChi descriptor- main layer - hydrogen atom sub-layer"
134,9,INCHI_CHARGE,"InChi descriptor- charge layer"
134,10,INCHI_STEREO,"InChi descriptor- stereochemical layer"
134,11,INCHI_ISOTOPE,"InChi descriptor- isotopic layer"
134,12,INCHI_FIXEDH,"InChi descriptor- fixed hydrogren layer"
134,13,INCHI_RECONNECT,"InChi descriptor- reconnected layer"
137,1,OECHEM,"OpenEye OECHEM program"
137,2,DAYLIGHT,"Daylight program library"
137,3,ACD,"Advanced Chemistry Development Naming Program"
137,4,AUTONOM,"Belstein AutoNom Naming Program"
137,5,OTHER,"Other program or library"
136,1,COMMON NAME,"Common chemical name"
136,2,SYSTEMATIC NAME,"Systematic chemical name"
136,3,CAS REGISTRY NUMBER,"Chemical Abstracts Registry Number"
136,4,PUBCHEM Identifier,"PubChem accession number"
136,5,PUBCHEM CID,"PubChem compound identifier"
136,6,PUBCHEM SID,"PubChem substance identifier"
136,7,MDL Identifier,"Molecular Design Limited Identifier"
124,1,L-peptide linking,enumeration_text
124,2,L-peptide NH3 amino terminus,enumeration_text
124,3,L-peptide COOH carboxy terminus,enumeration_text
124,4,D-peptide linking,enumeration_text
124,5,D-peptide NH3 amino terminus,enumeration_text
124,6,D-peptide COOH carboxy terminus,enumeration_text
124,7,DNA linking,enumeration_text
124,8,RNA linking,enumeration_text
124,9,DNA OH 5 prime terminus,enumeration_text
124,10,RNA OH 5 prime terminus,enumeration_text
124,11,DNA OH 3 prime terminus,enumeration_text
124,12,RNA OH 3 prime terminus,enumeration_text
124,13,D-saccharide 14 and 14 linking,enumeration_text
124,14,L-saccharide 14 and 14 linking,enumeration_text
124,15,D-saccharide 14 and 16 linking,enumeration_text
124,16,L-saccharide 14 and 16 linking,enumeration_text
124,17,L-saccharide,enumeration_text
124,18,D-saccharide,enumeration_text
124,19,saccharide,enumeration_text
124,20,non-polymer,enumeration_text
124,21,other,enumeration_text
132,1,Sigma,enumeration_text
132,2,Aldrich,enumeration_text
132,3,Sigma/Aldrich,enumeration_text
133,1,abbreviation,enumeration_text
133,2,name,enumeration_text
127,1,3+,enumeration_text
127,2,2+,enumeration_text
127,3,1+,enumeration_text
127,4,0,enumeration_text
127,5,1-,enumeration_text
127,6,2-,enumeration_text
127,7,3-,enumeration_text
131,1,gif,enumeration_text
131,2,jpeg,enumeration_text
131,3,pdf,enumeration_text
131,4,png,enumeration_text
131,5,ps,enumeration_text
131,6,tiff,enumeration_text
131,7,not applicable,enumeration_text
130,1,not applicable,enumeration_text
138,1,IUPAC,enumeration_text
138,2,CAS name,enumeration_text
138,3,CAS registry number,enumeration_text
138,4,BMRB,enumeration_text
138,5,One letter code,enumeration_text
138,6,Three letter code,enumeration_text
214,1,ppm,enumeration_text
197,1,?,enumeration_text
198,1,isotropic,enumeration_text
198,2,anisotropic,enumeration_text
190,1,methyl carbon,enumeration_text
190,2,methyl carbons,enumeration_text
190,3,methyl protons,enumeration_text
190,4,methylene protons,enumeration_text
190,5,nitrogen,enumeration_text
190,6,protons,enumeration_text
191,1,ppm,"parts per million"
191,2,Hz,Hertz
196,1,parallel,enumeration_text
196,2,perpendicular,enumeration_text
194,1,insert at center of experimental sample tube,enumeration_text
194,2,insert at outer edge of experimental sample tube,enumeration_text
194,3,insert at center of a separate sample tube,enumeration_text
194,4,insert at outer edge of a separate sample tube,enumeration_text
194,5,separate tube (no insert) similar to the experimental sample tube,enumeration_text
194,6,separate tube (no insert) not similar to the experimental sample tube,enumeration_text
194,7,other,enumeration_text
195,1,cylindrical,enumeration_text
195,2,spherical,enumeration_text
195,3,other,enumeration_text
189,1,DSS,"H; C; and N methyl protons"
189,2,TSP,"H; C; and N methyl protons"
189,3,water,"H protons"
189,4,DMSO,"H methyl protons"
189,5,DMSO-d5,"H methyl proton"
189,6,DMSO-d6,"H methyl deuterons"
189,7,methanol,"H methyl protons"
189,8,TMS,"H methyl protons"
189,9,acetate,"C methyl carbons"
189,10,dioxane,"C methylene carbons"
189,11,ammonium chloride,"N ammonium nitrogen"
189,12,[15N] ammonium chloride,"N ammonium nitrogen"
189,13,ammonium hydroxide,"N ammonium nitrogen"
189,14,ammonium nitrate,"N ammonium nitrogen"
189,15,[15N] ammonium nitrate,"N ammonium nitrogen"
189,16,[15N 15N] ammonium nitrate,"N ammonium nitrogen"
189,17,ammonium nitrite,"N ammonium nitrogen"
189,18,ammonium sulfate,"N ammonium nitrogen"
189,19,[15N] ammonium sulfate,"N ammonium nitrogen"
189,20,liquid anhydrous ammonia,"N ammonium nitrogen"
189,21,formamide,"N ammonium nitrogen"
189,22,[15N] nitric acid,"N nitrogen"
189,23,Nitromethane,"N nitro group"
189,24,[15N] nitromethane,"N nitro group"
189,25,urea,"N nitrogen"
189,26,phosphoric acid,"P phosphate"
189,27,phosphoric acid (85%),"P phosphate"
189,28,TMP,"P phosphate"
189,29,cadmium perchlorate,"Cd cadmium"
192,1,internal,enumeration_text
192,2,external,enumeration_text
192,3,na,enumeration_text
193,1,direct,enumeration_text
193,2,indirect,enumeration_text
185,1,no,enumeration_text
185,2,yes,enumeration_text
185,3,yes with IUPAC referencing,enumeration_text
186,1,no,enumeration_text
186,2,yes,enumeration_text
186,3,yes with IUPAC referencing,enumeration_text
188,1,no,enumeration_text
188,2,yes,enumeration_text
187,1,no,enumeration_text
187,2,yes,enumeration_text
187,3,yes with IUPAC referencing,enumeration_text
184,1,no,enumeration_text
184,2,yes,enumeration_text
184,3,yes with IUPAC referencing,enumeration_text
217,1,empirical,enumeration_text
217,2,ab initio,enumeration_text
217,3,semi-empirical,enumeration_text
220,1,1H,enumeration_text
220,2,13C,enumeration_text
220,3,15N,enumeration_text
220,4,31P,enumeration_text
218,1,GIAO,"Gauge-Independent Atomic Orbital"
218,2,IGLO,enumeration_text
218,3,CSGT,"Continuous Set of Gauge Transformations"
219,1,B3LYP,enumeration_text
219,2,MP2,enumeration_text
165,1,?,enumeration_text
164,1,?,enumeration_text
162,1,?,enumeration_text
163,1,?,enumeration_text
72,1,entry citation,enumeration_text
72,2,reference citation,enumeration_text
75,1,Not known,enumeration_text
75,2,Arch. Biochem. Biophys.,enumeration_text
75,3,Biochemistry,enumeration_text
75,4,Biochem. Biophys. Res. Commun.,enumeration_text
75,5,Biochem. J.,enumeration_text
75,6,Biochim. Biophys. Acta,enumeration_text
75,7,Biomol. NMR Assignments,enumeration_text
75,8,Biophys. J.,enumeration_text
75,9,Biopolymers,enumeration_text
75,10,Cell,enumeration_text
75,11,EMBO J.,enumeration_text
75,12,Eur. J. Biochem.,enumeration_text
75,13,FEBS Lett.,enumeration_text
75,14,Inorg. Chem.,enumeration_text
75,15,Int. J. Pept. Protein Res.,enumeration_text
75,16,J. Am. Chem. Soc.,enumeration_text
75,17,J. Biochem.,enumeration_text
75,18,J. Biol. Chem.,enumeration_text
75,19,J. Biol. Inorg. Chem.,enumeration_text
75,20,J. Biomol. NMR,enumeration_text
75,21,J. Biomol. Struct. Dyn.,enumeration_text
75,22,J. Inorg. Biochem.,enumeration_text
75,23,J. Magn. Reson.,enumeration_text
75,24,J. Mol. Biol.,enumeration_text
75,25,J. Pept. Res.,enumeration_text
75,26,J. Protein Chem.,enumeration_text
75,27,Mol. Cell,enumeration_text
75,28,Nature,enumeration_text
75,29,Nat. Struct. Biol.,enumeration_text
75,30,Nucleic Acids Res.,enumeration_text
75,31,Proc. Natl. Acad. Sci. U.S.A.,enumeration_text
75,32,Protein Eng.,enumeration_text
75,33,Proteins,enumeration_text
75,34,Protein Sci.,enumeration_text
75,35,Proteins: Struct. Funct. Genet.,enumeration_text
75,36,RNA,enumeration_text
75,37,Science,enumeration_text
75,38,Structure,enumeration_text
75,39,Structure (Cambridge MA U.S.),enumeration_text
73,1,in preparation,enumeration_text
73,2,submitted,enumeration_text
73,3,in press,enumeration_text
73,4,published,enumeration_text
73,5,retracted,enumeration_text
74,1,journal,enumeration_text
74,2,book,enumeration_text
74,3,book chapter,enumeration_text
74,4,thesis,enumeration_text
74,5,abstract,enumeration_text
74,6,personal communication,enumeration_text
74,7,internet,enumeration_text
74,8,BMRB only,enumeration_text
76,1,Sr.,Senior
76,2,Jr.,Junior
76,3,I,First
76,4,II,Second
76,5,III,Third
76,6,IV,Fourth
77,1,Sr.,Senior
77,2,Jr.,Junior
77,3,I,First
77,4,II,Second
77,5,III,Third
77,6,IV,Fourth
286,1,?,enumeration_text
287,1,DGSA-distance geometry simulated annealing,enumeration_text
287,2,distance geometry,enumeration_text
287,3,simulated annealing,enumeration_text
287,4,molecular dynamics,enumeration_text
287,5,matrix relaxation,enumeration_text
287,6,torsion angle dynamics,enumeration_text
288,1,?,enumeration_text
289,1,isotropic,enumeration_text
289,2,anisotropic,enumeration_text
289,3,solid,enumeration_text
281,1,yes,enumeration_text
281,2,no,enumeration_text
279,1,yes,enumeration_text
279,2,no,enumeration_text
280,1,yes,enumeration_text
280,2,no,enumeration_text
282,1,all calculated structures submitted,enumeration_text
282,2,back calculated data agree with experimental NOESY spectrum,enumeration_text
282,3,structures with the lowest energy,enumeration_text
282,4,structures with the least restraint violations,enumeration_text
282,5,structures with acceptable covalent geometry,enumeration_text
282,6,structures with favorable non-bond energy,enumeration_text
282,7,target function,enumeration_text
283,1,closest to the average,enumeration_text
283,2,lowest energy,enumeration_text
283,3,fewest violations,enumeration_text
283,4,minimized average structure,enumeration_text
284,1,yes,enumeration_text
284,2,no,enumeration_text
285,1,yes,enumeration_text
285,2,no,enumeration_text
306,1,Not applicable,enumeration_text
306,2,NOE,enumeration_text
306,3,NOE buildup,enumeration_text
306,4,NOE not seen,enumeration_text
306,5,general distance,enumeration_text
306,6,alignment tensor,enumeration_text
306,7,chirality,enumeration_text
306,8,prochirality,enumeration_text
306,9,disulfide bond,enumeration_text
306,10,hydrogen bond,enumeration_text
306,11,symmetry,enumeration_text
306,12,ROE,enumeration_text
306,13,peptide,enumeration_text
306,14,ring,enumeration_text
305,1,distance,enumeration_text
305,2,dipolar coupling,enumeration_text
305,3,protein dihedral angle,enumeration_text
305,4,nucleic acid dihedral angle,enumeration_text
305,5,coupling constant,enumeration_text
305,6,chemical shift,enumeration_text
305,7,other angle,enumeration_text
305,8,chemical shift anisotropy,enumeration_text
305,9,hydrogen exchange,enumeration_text
305,10,line broadening,enumeration_text
305,11,pseudocontact shift,enumeration_text
305,12,intervector projection angle,enumeration_text
305,13,protein peptide planarity,enumeration_text
305,14,protein other kinds of constraints,enumeration_text
305,15,nucleic acid base planarity,enumeration_text
305,16,nucleic acid other kinds of constraints,enumeration_text
307,1,ambi,enumeration_text
307,2,simple,enumeration_text
303,1,yes,enumeration_text
303,2,no,enumeration_text
302,1,calculated over all distance constraints,enumeration_text
302,2,calculated for distance violations only,enumeration_text
296,1,Tryptophan ring proton NOE intensities,enumeration_text
296,2,Glycine alpha proton NOE intensities,enumeration_text
297,1,yes,enumeration_text
297,2,no,enumeration_text
298,1,r-6,enumeration_text
298,2,r-3,enumeration_text
298,3,sum,enumeration_text
298,4,center,enumeration_text
299,1,Tryptophan ring proton NOE intensities,enumeration_text
299,2,Glycine alpha proton NOE intensities,enumeration_text
300,1,yes,enumeration_text
300,2,no,enumeration_text
301,1,r-6,enumeration_text
301,2,r-3,enumeration_text
301,3,sum,enumeration_text
301,4,center,enumeration_text
304,1,yes,enumeration_text
304,2,no,enumeration_text
295,1,yes,enumeration_text
295,2,no,enumeration_text
59,1,Dr.,enumeration_text
59,2,Prof.,enumeration_text
59,3,Mr.,enumeration_text
59,4,Ms.,enumeration_text
59,5,Mrs.,enumeration_text
61,1,academic,enumeration_text
61,2,commercial,enumeration_text
61,3,government,enumeration_text
61,4,other,enumeration_text
60,1,principal investigator,enumeration_text
60,2,responsible scientist,enumeration_text
60,3,investigator,enumeration_text
203,1,?,enumeration_text
204,1,isotropic,enumeration_text
204,2,anisotropic,enumeration_text
204,3,solid,enumeration_text
202,1,400,enumeration_text
202,2,500,enumeration_text
202,3,600,enumeration_text
202,4,700,enumeration_text
202,5,750,enumeration_text
202,6,800,enumeration_text
202,7,850,enumeration_text
202,8,900,enumeration_text
202,9,920,enumeration_text
202,10,950,enumeration_text
260,1,?,enumeration_text
261,1,isotropic,enumeration_text
261,2,anisotropic,enumeration_text
261,3,solid,enumeration_text
259,1,s-1,enumeration_text
259,2,ms-1,enumeration_text
259,3,us-1,enumeration_text
263,1,?,enumeration_text
264,1,isotropic,enumeration_text
264,2,anisotropic,enumeration_text
264,3,solid,enumeration_text
262,1,s-1,enumeration_text
262,2,ms-1,enumeration_text
262,3,us-1,enumeration_text
215,1,?,enumeration_text
216,1,isotropic,enumeration_text
216,2,anisotropic,enumeration_text
216,3,solid,enumeration_text
68,1,assigned_chemical_shifts,enumeration_text
68,2,coupling_constants,enumeration_text
68,3,spectral_peak_list,enumeration_text
68,4,other_data_list,enumeration_text
68,5,RDCs,enumeration_text
68,6,order_parameters,enumeration_text
68,7,spectral_density_values,enumeration_text
68,8,H_exch_rates,enumeration_text
68,9,H_exch_protection_factors,enumeration_text
68,10,pKa_value_data_set,enumeration_text
68,11,pH_NMR_param_list,enumeration_text
68,12,D_H_fractionation_factors,enumeration_text
68,13,molecular_axis_determinations,enumeration_text
68,14,deduced_secd_struct_features,enumeration_text
68,15,deduced_hydrogen_bonds,enumeration_text
68,16,representative_conformer,enumeration_text
68,17,conformer_family_coord_set,enumeration_text
68,18,heteronucl_T1_relaxation,enumeration_text
68,19,heteronucl_T2_relaxation,enumeration_text
68,20,heteronucl_NOEs,enumeration_text
69,1,1H chemical shifts,enumeration_text
69,2,2H chemical shifts,enumeration_text
69,3,3H chemical shifts,enumeration_text
69,4,13C chemical shifts,enumeration_text
69,5,15N chemical shifts,enumeration_text
69,6,31P chemical shifts,enumeration_text
69,7,111Cd chemical shifts,enumeration_text
69,8,113Cd chemical shifts,enumeration_text
69,9,coupling constants,enumeration_text
69,10,chemical shift isotope effects,enumeration_text
69,11,molecule interaction chemical shift values,enumeration_text
69,12,T1 relaxation values,enumeration_text
69,13,T1rho relaxation values,enumeration_text
69,14,T2 relaxation values,enumeration_text
69,15,dipole-dipole relaxation values,enumeration_text
69,16,cross correlation relaxation values,enumeration_text
69,17,chemical shift anisotropy values,enumeration_text
69,18,chemical shift anisotropy tensor values,enumeration_text
69,19,quadrupolar couplings,enumeration_text
69,20,theoretical chemical shifts,enumeration_text
69,21,chemical shift tensors,enumeration_text
69,22,residual dipolar couplings,enumeration_text
69,23,dipolar coupling values,enumeration_text
69,24,dipolar coupling tensor values,enumeration_text
69,25,heteronuclear NOE values,enumeration_text
69,26,homonuclear NOE values,enumeration_text
69,27,order parameters,enumeration_text
69,28,spectral density values,enumeration_text
69,29,H exchange rates,enumeration_text
69,30,H exchange protection factors,enumeration_text
69,31,pKa values,enumeration_text
69,32,pH NMR parameter values,enumeration_text
69,33,D/H fractionation factors,enumeration_text
69,34,bond orientation values,enumeration_text
69,35,deduced secondary structure values,enumeration_text
69,36,deduced hydrogen bonds,enumeration_text
69,37,Distance constraints,enumeration_text
69,38,ambiguous distance constraints,enumeration_text
69,39,hydrogen bond distance constraints,enumeration_text
69,40,torsion angle constraints,enumeration_text
69,41,chemical shift constraints,enumeration_text
69,42,symmetry constraints,enumeration_text
277,1,?,enumeration_text
278,1,isotropic,enumeration_text
278,2,anisotropic,enumeration_text
278,3,solid,enumeration_text
275,1,?,enumeration_text
276,1,isotropic,enumeration_text
276,2,anisotropic,enumeration_text
276,3,solid,enumeration_text
36,1,mmCIF,enumeration_text
36,2,PDB,enumeration_text
37,1,ARIA,enumeration_text
37,2,CNS,enumeration_text
37,3,CYANA,enumeration_text
37,4,DISCOVER,enumeration_text
37,5,X-PLOR,enumeration_text
38,1,yes,enumeration_text
38,2,no,enumeration_text
39,1,yes,enumeration_text
39,2,no,enumeration_text
273,1,?,enumeration_text
274,1,isotropic,enumeration_text
274,2,anisotropic,enumeration_text
274,3,solid,enumeration_text
223,1,?,enumeration_text
224,1,isotropic,enumeration_text
224,2,anisotropic,enumeration_text
224,3,solid,enumeration_text
257,1,?,enumeration_text
258,1,isotropic,enumeration_text
258,2,anisotropic,enumeration_text
258,3,solid,enumeration_text
256,1,s-1,enumeration_text
256,2,ms-1,enumeration_text
256,3,us-1,enumeration_text
312,1,?,enumeration_text
313,1,isotropic,enumeration_text
313,2,anisotropic,enumeration_text
313,3,solid,enumeration_text
311,1,NOE,"Distance constraints determined from NOE experiments"
311,2,NOE build-up,"Distance constraints determined from a series of NOE experiments with different mixing times"
311,3,NOE not seen,"Distance constraints supplied when an expected NOE was not observed"
311,4,ROE,"Distance constraints determined from ROE experiments"
311,5,ROE build-up,"Distance constraints determine from a series of ROE experiments with different mixing times"
311,6,hydrogen bond,"Hydrogen bond distance constraints"
311,7,disulfide bond,"Disulfide bond distance constraints"
311,8,paramagnetic relaxation,"Distance constraints determined from paramagnetic relaxation studies"
311,9,symmetry,"Distance constraint enforces symmetry - for example to enforce symmetry between monomers in a multimer"
311,10,general distance,"Specific distance constraint is not known"
314,1,averaging method,enumeration_text
314,2,number monomers,enumeration_text
314,3,pseudoatom corrections,enumeration_text
314,4,potential function,enumeration_text
314,5,temperature,enumeration_text
314,6,exponent,enumeration_text
314,7,switch distance,enumeration_text
314,8,asymptote slope,enumeration_text
314,9,B_high,enumeration_text
314,10,ceiling,enumeration_text
314,11,negative offset,enumeration_text
314,12,scaling constant,enumeration_text
85,1,yes,enumeration_text
85,2,no,enumeration_text
87,1,yes,enumeration_text
87,2,no,enumeration_text
88,1,yes,enumeration_text
88,2,no,enumeration_text
104,1,yes,enumeration_text
104,2,no,enumeration_text
103,1,yes,enumeration_text
103,2,no,enumeration_text
99,1,protein,enumeration_text
99,2,DNA,enumeration_text
99,3,RNA,enumeration_text
99,4,DNA/RNA hybrid,enumeration_text
99,5,polysaccharide,enumeration_text
100,1,polypeptide(L),enumeration_text
100,2,polydeoxyribonucleotide,DNA
100,3,polyribonucleotide,RNA
100,4,DNA/RNA hybrid,enumeration_text
100,5,polypeptide(D),enumeration_text
100,6,polysaccharide(D),enumeration_text
100,7,polysaccharide(L),enumeration_text
107,1,all disulfide bound,enumeration_text
107,2,all other bound,enumeration_text
107,3,all free,enumeration_text
107,4,not present,enumeration_text
107,5,not available,enumeration_text
107,6,unknown,enumeration_text
107,7,not reported,enumeration_text
107,8,free and disulfide bound,enumeration_text
107,9,free and other bound,enumeration_text
107,10,free disulfide and other bound,enumeration_text
107,11,disulfide and other bound,enumeration_text
98,1,polymer,"A biological polymer (protein$ peptide$ nucleic acid$ etc.)"
98,2,non-polymer,"Ligand$ metal ion$ or other non-polymeric molecule"
98,3,water,enumeration_text
98,4,aggregate,enumeration_text
98,5,solvent,enumeration_text
86,1,native,enumeration_text
86,2,denatured,enumeration_text
86,3,molten globule,enumeration_text
86,4,unfolded,enumeration_text
109,1,BMRB,enumeration_text
109,2,EMBL,enumeration_text
109,3,GB,enumeration_text
109,4,PDB,enumeration_text
109,5,PIR,enumeration_text
109,6,SWS,enumeration_text
109,7,UNP,enumeration_text
110,1,solution NMR,enumeration_text
110,2,solid-state NMR,enumeration_text
110,3,X-ray crystallography,enumeration_text
122,1,Escherichia coli,enumeration_text
122,2,Aspergillus niger,enumeration_text
122,3,Cricetulus griseus,enumeration_text
122,4,Desulfovibrio desulfuricans,enumeration_text
122,5,Pichia pastoris,enumeration_text
122,6,Saccharomyces cerevisiae,enumeration_text
122,7,Spodoptera frugiperda,enumeration_text
122,8,wheat germ - cell free,enumeration_text
122,9,E. coli - cell free,enumeration_text
121,1,recombinant technology,enumeration_text
121,2,purified from the natural source,enumeration_text
121,3,chemical synthesis,enumeration_text
121,4,cell free synthesis,enumeration_text
121,5,enzymatic semisynthesis,enumeration_text
121,6,reverse transcriptase,enumeration_text
121,7,obtained from a vendor,enumeration_text
123,1,plasmid,enumeration_text
123,2,baculovirus,enumeration_text
123,3,other virus,enumeration_text
123,4,cosmid,enumeration_text
113,1,yes,enumeration_text
113,2,no,enumeration_text
101,1,yes,enumeration_text
101,2,no,enumeration_text
102,1,yes,enumeration_text
102,2,no,enumeration_text
105,1,yes,enumeration_text
105,2,no,enumeration_text
106,1,yes,enumeration_text
106,2,no,enumeration_text
108,1,yes,enumeration_text
108,2,no,enumeration_text
116,1,Metazoa,enumeration_text
116,2,Fungi,enumeration_text
116,3,Viridiplantae,enumeration_text
116,4,Protista,enumeration_text
116,5,Not applicable,enumeration_text
112,1,organism,enumeration_text
112,2,virus,enumeration_text
112,3,plasmid,enumeration_text
112,4,cosmid,enumeration_text
112,5,no natural source,enumeration_text
112,6,not applicable,enumeration_text
117,1,brain,enumeration_text
117,2,heart,enumeration_text
117,3,intestine,enumeration_text
117,4,kidney,enumeration_text
117,5,liver,enumeration_text
117,6,lung,enumeration_text
117,7,pancreas,enumeration_text
117,8,skin,enumeration_text
117,9,testicle,enumeration_text
119,1,chloroplast,enumeration_text
119,2,endoplamic reticulum,enumeration_text
119,3,golgi,enumeration_text
119,4,mitochondria,enumeration_text
119,5,nucleus,enumeration_text
114,1,Homo sapiens,enumeration_text
114,2,Escherichia coli,enumeration_text
114,3,Mus musculus,enumeration_text
114,4,Rattus norvegicus,enumeration_text
114,5,Saccharomyces cerevisiae,enumeration_text
114,6,Bos taurus,enumeration_text
114,7,Bos primigenius,enumeration_text
114,8,Gallus gallus,enumeration_text
114,9,Maleagris gallopavo,enumeration_text
114,10,Drosophila melanogaster,enumeration_text
114,11,Bacillus subtilis,enumeration_text
114,12,Arabidopsis thaliana,enumeration_text
114,13,Staphylococcus aureus,enumeration_text
114,14,Oryctolagus cuniculus,enumeration_text
114,15,Clostridium pasteurianum,enumeration_text
114,16,Equus caballus,enumeration_text
114,17,Pseudomonas aeruginosa,enumeration_text
114,18,Thermotoga maritima,enumeration_text
114,19,Thermus thermophilus,enumeration_text
114,20,Methanobacterium thermoautotrophicum,enumeration_text
114,21,Xenopus laevis,enumeration_text
114,22,Amaranthus caudatus,enumeration_text
114,23,Anabaena variabilis,enumeration_text
114,24,Anemonia sulcata,enumeration_text
114,25,Apis mellifera,enumeration_text
114,26,Aquifex aeolicus,enumeration_text
114,27,Arachis hypogea,enumeration_text
114,28,Azotobacter vinelandii,enumeration_text
114,29,Bacillus amyloliquefaciens,enumeration_text
114,30,Bacillus circulans,enumeration_text
114,31,Bacillus pasteurii,enumeration_text
114,32,Bacillus stearothermophilus,enumeration_text
114,33,Bombyx mori,enumeration_text
114,34,Borrelia burgdorferi,enumeration_text
114,35,Bungarus multicinctus,enumeration_text
114,36,Caenorhabditis elegans,enumeration_text
114,37,Canis familiaris,enumeration_text
114,38,Centruroides noxius,enumeration_text
114,39,Chlamydomonas reinhardtii,enumeration_text
114,40,Conus geographus,enumeration_text
114,41,Conus imperialis,enumeration_text
114,42,Conus purpurascens,enumeration_text
114,43,Cricetulus griseus,enumeration_text
114,44,Cucurbita maxima,enumeration_text
114,45,Desulfovibrio gigas,enumeration_text
114,46,Desulfovibrio vulgaris,enumeration_text
114,47,Enterococcus faecalis,enumeration_text
114,48,Glycera dibranchiata,enumeration_text
114,49,Hadronyche versuta,enumeration_text
114,50,Haemophilus influenzae,enumeration_text
114,51,Halobacterium halobium,enumeration_text
114,52,Hirudo medicinalis,enumeration_text
114,53,HIV,enumeration_text
114,54,Hordeum vulgare,enumeration_text
114,55,Hydrogenobacter thermophilus,enumeration_text
114,56,Lactobacillus casei,enumeration_text
114,57,Lactococcus lactis,enumeration_text
114,58,Leiurus quinquestriatus,enumeration_text
114,59,Lentivirus human immunodeficiency virus,enumeration_text
114,60,Methanococcus jannaschii,enumeration_text
114,61,Methanococcus thermolithotrophicus,enumeration_text
114,62,Methanothermobacter thermautotrophicus,enumeration_text
114,63,Morbillivirus,enumeration_text
114,64,Mycobacterium tuberculosis,enumeration_text
114,65,Naja oxiana,enumeration_text
114,66,Neisseria meningitidis,enumeration_text
114,67,Neurospora crassa,enumeration_text
114,68,Opisthacanthus madagascariensis,enumeration_text
114,69,Oryza sativa,enumeration_text
114,70,Ovis aries,enumeration_text
114,71,Pandinus imperator,enumeration_text
114,72,Paracoccus denitrificans,enumeration_text
114,73,Physeter catodon,enumeration_text
114,74,Pisum sativum,enumeration_text
114,75,Pseudomonas putida,enumeration_text
114,76,Pyrococcus furiosus,enumeration_text
114,77,Rana catesbeiana,enumeration_text
114,78,Rhodobacter sphaeroides,enumeration_text
114,79,Rhodospirillum rubrum,enumeration_text
114,80,Salmonella typhimurium,enumeration_text
114,81,Schizosaccharomyces pombe,enumeration_text
114,82,Selenocosmia hainana,enumeration_text
114,83,Solanum tuberosum,enumeration_text
114,84,Streptomyces carzinostaticus,enumeration_text
114,85,Sulfolobus solfataricus,enumeration_text
114,86,Sus scrofa,enumeration_text
114,87,Thermoplasma acidophilum,enumeration_text
114,88,Thermosynechococcus elongatus,enumeration_text
114,89,Trichoderma reesei,enumeration_text
120,1,saliva,enumeration_text
120,2,semen,enumeration_text
120,3,vaginal fluid,enumeration_text
120,4,venom,enumeration_text
115,1,Archaea,enumeration_text
115,2,Eubacteria,prokaryotes
115,3,Eukaryota,enumeration_text
115,4,Viroid,enumeration_text
115,5,Viruses,enumeration_text
115,6,Other,enumeration_text
115,7,Unclassified,enumeration_text
118,1,skin,enumeration_text
111,1,IUPAC,enumeration_text
111,2,CAS name,enumeration_text
111,3,CAS registry number,enumeration_text
111,4,BMRB,enumeration_text
111,5,Three letter code,enumeration_text
52,1,yes,enumeration_text
52,2,no,enumeration_text
48,1,RELEASE NOW,"Release immediately"
48,2,HOLD FOR PUBLICATION,"Hold until primary citation is published"
48,3,HOLD FOR 4 WEEKS,"Hold for 4 weeks"
48,4,HOLD FOR 8 WEEKS,"Hold for 8 weeks"
48,5,HOLD FOR 6 MONTHS,"Hold for 6 months"
48,6,HOLD FOR 1 YEAR,"Hold for 1 year"
51,1,RELEASE NOW,"Release sequence information in status reports immediately"
51,2,HOLD FOR RELEASE,enumeration_text
49,1,RELEASE NOW,"Release immediately"
49,2,HOLD FOR PUBLICATION,"Hold until primary citation is published"
49,3,HOLD FOR 4 WEEKS,"Hold for 4 weeks"
49,4,HOLD FOR 8 WEEKS,"Hold for 8 weeks"
49,5,HOLD FOR 6 MONTHS,"Hold for 6 months"
49,6,HOLD FOR 1 YEAR,"Hold for 1 year"
50,1,RELEASE NOW,"Release immediately"
50,2,HOLD FOR PUBLICATION,"Hold until primary citation is published"
50,3,HOLD FOR 4 WEEKS,"Hold for 4 weeks"
50,4,HOLD FOR 8 WEEKS,"Hold for 8 weeks"
50,5,HOLD FOR 6 MONTHS,"Hold for 6 months"
50,6,HOLD FOR 1 YEAR,"Hold for 1 year"
46,1,NMR,enumeration_text
47,1,solution,"Experiments using solution samples"
47,2,solid-state,"Experiments using samples in the solid-state"
47,3,theoretical,"Data derived from theoretical calculations"
44,1,1.0,enumeration_text
44,2,2.0,enumeration_text
44,3,2.1,enumeration_text
44,4,2.1.1,enumeration_text
44,5,3.1,enumeration_text
45,1,1.0,enumeration_text
45,2,2.0,enumeration_text
45,3,2.1,enumeration_text
45,4,2.1.1,enumeration_text
45,5,3.1,enumeration_text
54,1,yes,enumeration_text
54,2,no,enumeration_text
55,1,yes,enumeration_text
55,2,no,enumeration_text
56,1,yes,enumeration_text
56,2,no,enumeration_text
57,1,yes,enumeration_text
57,2,no,enumeration_text
58,1,yes,enumeration_text
58,2,no,enumeration_text
53,1,Immediately,enumeration_text
53,2,On publication,enumeration_text
53,3,In one year,enumeration_text
53,4,At a specific future date,enumeration_text
43,1,original,enumeration_text
43,2,update,enumeration_text
43,3,obsolete,enumeration_text
8,1,yes,enumeration_text
8,2,no,enumeration_text
10,1,yes,enumeration_text
10,2,no,enumeration_text
7,1,yes,enumeration_text
7,2,no,enumeration_text
1,1,yes,enumeration_text
1,2,no,enumeration_text
2,1,yes,enumeration_text
2,2,no,enumeration_text
3,1,PDB,enumeration_text
3,2,BMRB,enumeration_text
9,1,yes,enumeration_text
9,2,no,enumeration_text
24,1,yes,enumeration_text
24,2,no,enumeration_text
25,1,yes,enumeration_text
25,2,no,enumeration_text
20,1,yes,enumeration_text
20,2,no,enumeration_text
23,1,yes,enumeration_text
23,2,no,enumeration_text
27,1,yes,enumeration_text
27,2,no,enumeration_text
18,1,yes,enumeration_text
18,2,no,enumeration_text
17,1,yes,enumeration_text
17,2,no,enumeration_text
11,1,yes,enumeration_text
11,2,no,enumeration_text
12,1,yes,enumeration_text
12,2,no,enumeration_text
14,1,yes,enumeration_text
14,2,no,enumeration_text
13,1,yes,enumeration_text
13,2,no,enumeration_text
22,1,yes,enumeration_text
22,2,no,enumeration_text
5,1,yes,enumeration_text
5,2,no,enumeration_text
34,1,yes,enumeration_text
34,2,no,enumeration_text
33,1,yes,enumeration_text
33,2,no,enumeration_text
31,1,yes,enumeration_text
31,2,no,enumeration_text
6,1,yes,enumeration_text
6,2,no,enumeration_text
15,1,yes,enumeration_text
15,2,no,enumeration_text
35,1,yes,enumeration_text
35,2,no,enumeration_text
26,1,yes,enumeration_text
26,2,no,enumeration_text
21,1,yes,enumeration_text
21,2,no,enumeration_text
16,1,yes,enumeration_text
16,2,no,enumeration_text
32,1,yes,enumeration_text
32,2,no,enumeration_text
29,1,yes,enumeration_text
29,2,no,enumeration_text
19,1,yes,enumeration_text
19,2,no,enumeration_text
4,1,yes,enumeration_text
4,2,no,enumeration_text
28,1,yes,enumeration_text
28,2,no,enumeration_text
30,1,yes,enumeration_text
30,2,no,enumeration_text
66,1,?,enumeration_text
66,2,Accelerated Technologies Center for Gene to 3D Structure,enumeration_text
66,3,Architecture and Function of Biological Macromolecules Structure Genomics,ASG
66,4,Berkeley Structural Genomics Center,BSGC
66,5,Center for Eukaryotic Structural Genomics,CESG
66,6,Center for High-Throughput Structural Biology,enumeration_text
66,7,Center for Structures of Membrane Proteins,enumeration_text
66,8,Integrated Center for Structure and Function Innovation,enumeration_text
66,9,Joint Center for Structural Genomics,JCSG
66,10,Midwest Center for Structural Genomics,MCSG
66,11,New York Consortium on Membrane Protein Structure,enumeration_text
66,12,New York Structural Genomics Research Consortium,NYSGRC
66,13,New York Structural GenomiX Research Consortium,enumeration_text
66,14,Northeast Structural Genomics Consortium,NESGC
66,15,Ontario Centre for Structural Proteomics,enumeration_text
66,16,Scottish Structural Proteomics Facility,enumeration_text
66,17,Southeast Collaboratory for Structural Genomics,SECSG
66,18,Structural Genomics of Pathogenic Protozoa Consortium,SGPPC
66,19,TB Structural Genomics Consortium,TBSGC
66,20,Protein Structure Factory,PSF
66,21,Yeast Structural Genomics,YSG
66,22,North West Structural Genomics Centre,NWSGC
67,1,BSGC,enumeration_text
67,2,CESG,enumeration_text
67,3,JCSG,enumeration_text
67,4,MCSG,enumeration_text
67,5,NYSGRC,enumeration_text
67,6,NESGC,enumeration_text
67,7,SECSG,enumeration_text
67,8,SGPPC,enumeration_text
67,9,TBSGC,enumeration_text
67,10,PSF,enumeration_text
67,11,YSG,enumeration_text
67,12,NWSGC,enumeration_text
67,13,ASG,enumeration_text
65,1,Not applicable,enumeration_text
65,2,Protein Structure Initiative,enumeration_text
308,1,yes,enumeration_text
308,2,no,enumeration_text
309,1,distance term,enumeration_text
309,2,torsion angle term,enumeration_text
309,3,1J coupling term,enumeration_text
309,4,3J coupling term,enumeration_text
309,5,13C shift term,enumeration_text
309,6,1H shift term,enumeration_text
309,7,dipolar couplings term,enumeration_text
309,8,2H isotope shift term,enumeration_text
309,9,T1 term,enumeration_text
309,10,T2 term,enumeration_text
309,11,CSA term,enumeration_text
309,12,Pseudocontact shift term,enumeration_text
309,13,covalent geometry bond term,enumeration_text
309,14,covalent geometry angles term,enumeration_text
309,15,covalent geometry impropers term,enumeration_text
309,16,non-bonded van der Waals interaction term,enumeration_text
309,17,non-bonded radius of gyration interaction term,enumeration_text
177,1,isotropic,enumeration_text
177,2,anisotropic,enumeration_text
177,3,solid,enumeration_text
310,1,kcal/mol*A2,"bonds; distance; radius of gyration; planarity"
310,2,kcal/mol*rad2,"angle or dihedral angle"
310,3,kcal/mol*A4,van der Waals
310,4,kcal/mol*Hz2,dipolar coupling; scalar couplings; T1/T2; CSA
310,5,kcal/mol*ppm2,Chemical shifts; pseudocontact shifts
323,1,?,enumeration_text
324,1,isotropic,enumeration_text
324,2,anisotropic,enumeration_text
324,3,solid,enumeration_text
236,1,?,enumeration_text
237,1,isotropic,enumeration_text
237,2,anisotropic,enumeration_text
237,3,solid,enumeration_text
235,1,peak height,enumeration_text
235,2,peak integral,enumeration_text
235,3,contour count,enumeration_text
235,4,relative intensities,enumeration_text
240,1,?,enumeration_text
241,1,isotropic,enumeration_text
241,2,anisotropic,enumeration_text
241,3,solid,enumeration_text
238,1,Nz,enumeration_text
238,2,Cz,enumeration_text
238,3,NzHz,enumeration_text
239,1,s,enumeration_text
239,2,s-1,enumeration_text
239,3,ms,enumeration_text
239,4,ms-1,enumeration_text
247,1,?,enumeration_text
248,1,isotropic,enumeration_text
248,2,anisotropic,enumeration_text
248,3,solid,enumeration_text
246,1,s-1,enumeration_text
246,2,ms-1,enumeration_text
246,3,us-1,enumeration_text
244,1,Nz,enumeration_text
244,2,Cz,enumeration_text
244,3,NzHz,enumeration_text
245,1,s,enumeration_text
245,2,s-1,enumeration_text
245,3,ms,enumeration_text
245,4,ms-1,enumeration_text
242,1,methanol,enumeration_text
243,1,single scan interleaving,enumeration_text
243,2,temperature compensation block,enumeration_text
254,1,?,enumeration_text
255,1,isotropic,enumeration_text
255,2,anisotropic,enumeration_text
255,3,solid,enumeration_text
253,1,s-1,enumeration_text
253,2,ms-1,enumeration_text
253,3,us-1,enumeration_text
251,1,Nz,enumeration_text
251,2,Cz,enumeration_text
251,3,NzHz,enumeration_text
252,1,s,enumeration_text
252,2,s-1,enumeration_text
252,3,ms,enumeration_text
252,4,ms-1,enumeration_text
249,1,methanol,enumeration_text
250,1,single scan interleaving,enumeration_text
250,2,temperature compensation block,enumeration_text
234,1,peak volume,enumeration_text
234,2,peak height,enumeration_text
234,3,contour count,enumeration_text
232,1,?,enumeration_text
233,1,isotropic,enumeration_text
233,2,anisotropic,enumeration_text
233,3,solid,enumeration_text
230,1,?,enumeration_text
231,1,isotropic,enumeration_text
231,2,anisotropic,enumeration_text
231,3,solid,enumeration_text
229,1,s,"half-time"
229,2,s-1,"rate"
229,3,min,"half-time"
229,4,min-1,"rate"
229,5,hr,"half-time"
229,6,hr-1,"rate"
210,1,?,enumeration_text
211,1,isotropic,enumeration_text
211,2,anisotropic,enumeration_text
211,3,solid,enumeration_text
319,1,?,enumeration_text
320,1,isotropic,enumeration_text
320,2,anisotropic,enumeration_text
320,3,solid,enumeration_text
156,1,?,enumeration_text
157,1,?,enumeration_text
158,1,?,enumeration_text
159,1,?,enumeration_text
160,1,?,enumeration_text
161,1,?,enumeration_text
212,1,?,enumeration_text
213,1,isotropic,enumeration_text
213,2,anisotropic,enumeration_text
213,3,solid,enumeration_text
183,1,NMR experiment directory,enumeration_text
183,2,Time-domain (raw spectral data),enumeration_text
183,3,Pulse sequence image file,enumeration_text
183,4,Pulse sequence,enumeration_text
183,5,Pulse field gradient,enumeration_text
183,6,Peak list,enumeration_text
183,7,Spectral image,enumeration_text
181,1,?,enumeration_text
182,1,CCPN convention,enumeration_text
174,1,transmission line,enumeration_text
174,2,home built,enumeration_text
174,3,triple resonance,enumeration_text
174,4,double resonance,enumeration_text
174,5,inverse coil,enumeration_text
174,6,solenoid coil,enumeration_text
174,7,saddle coil,enumeration_text
174,8,room temperature,enumeration_text
174,9,cryogenically cooled,enumeration_text
180,1,cylindrical microcell,enumeration_text
180,2,Shegami,enumeration_text
180,3,spherical microcell,enumeration_text
180,4,standard cylindrical,enumeration_text
178,1,NOE,enumeration_text
178,2,COSY,enumeration_text
175,1,2D 1H-15N HSQC,enumeration_text
175,2,2D 1H-13C HSQC,enumeration_text
175,3,2D 1H-1H TOCSY,enumeration_text
175,4,2D DQF-COSY,enumeration_text
175,5,2D 1H-1H COSY,enumeration_text
175,6,2D 1H-1H NOESY,enumeration_text
175,7,3D CBCA(CO)NH,enumeration_text
175,8,3D C(CO)NH,enumeration_text
175,9,3D HNCO,enumeration_text
175,10,3D HNCA,enumeration_text
175,11,3D HNCACB,enumeration_text
175,12,3D HBHA(CO)NH,enumeration_text
175,13,3D HN(CO)CA,enumeration_text
175,14,3D H(CCO)NH,enumeration_text
175,15,3D HCCH-TOCSY,enumeration_text
175,16,3D HNHA,enumeration_text
175,17,3D 1H-15N NOESY,enumeration_text
175,18,3D 1H-15N TOCSY,enumeration_text
175,19,3D 1H-13C NOESY,enumeration_text
175,20,3D HNHB,enumeration_text
175,21,3D HCCH-COSY,enumeration_text
175,22,3D HCACO,enumeration_text
175,23,3D HN(COCA)CB,enumeration_text
176,1,no,enumeration_text
176,2,yes,enumeration_text
290,1,not observed,enumeration_text
290,2,not well defined,enumeration_text
290,3,low restraint density,enumeration_text
290,4,well defined,enumeration_text
290,5,high restraint density,enumeration_text
291,1,experimental ensemble member,enumeration_text
291,2,representative lowest energy,enumeration_text
291,3,representative closest to the mean,enumeration_text
291,4,representative average minimized,enumeration_text
179,1,uL,enumeration_text
179,2,mL,enumeration_text
168,1,400,enumeration_text
168,2,500,enumeration_text
168,3,600,enumeration_text
168,4,700,enumeration_text
168,5,750,enumeration_text
168,6,800,enumeration_text
168,7,850,enumeration_text
168,8,900,enumeration_text
168,9,920,enumeration_text
168,10,950,enumeration_text
166,1,Bruker,enumeration_text
166,2,GE,enumeration_text
166,3,JEOL,enumeration_text
166,4,Varian,enumeration_text
167,1,AM,from Bruker
167,2,AMX,from Bruker
167,3,ARX,"from Bruker"
167,4,Avance,from Bruker
167,5,CMX,"from Bruker"
167,6,DMX,from Bruker
167,7,DPX,from Bruker
167,8,DRX,from Bruker
167,9,MSL,from Bruker
167,10,ECA,from JEOL
167,11,ECP,from JEOL
167,12,Uniform NMR System,from Varian
167,13,INOVA,from Varian
167,14,Unity,from Varian
167,15,UnityPlus,from Varian
167,16,VXRS,from Varian
167,17,Gemini,from General Electric
167,18,GSX,from General Electric
167,19,GX,from General Electric
167,20,OMEGA,from General Electric
167,21,OMEGA PSG,from General Electric
171,1,400,enumeration_text
171,2,500,enumeration_text
171,3,600,enumeration_text
171,4,700,enumeration_text
171,5,750,enumeration_text
171,6,800,enumeration_text
171,7,850,enumeration_text
171,8,900,enumeration_text
171,9,920,enumeration_text
171,10,950,enumeration_text
169,1,Bruker,enumeration_text
169,2,GE,enumeration_text
169,3,JEOL,enumeration_text
169,4,Varian,enumeration_text
170,1,AM,from Bruker
170,2,AMX,from Bruker
170,3,ARX,"from Bruker"
170,4,Avance,from Bruker
170,5,DMX,from Bruker
170,6,DPX,from Bruker
170,7,DRX,from Bruker
170,8,MSL,from Bruker
170,9,ECA,from JEOL
170,10,ECP,from JEOL
170,11,Uniform NMR System,From Varian
170,12,INOVA,from Varian
170,13,Unity,from Varian
170,14,UnityPlus,from Varian
170,15,VXRS,from Varian
170,16,Gemini,from General Electric
170,17,GSX,from General Electric
170,18,GX,from General Electric
170,19,OMEGA,from General Electric
170,20,OMEGA PSG,from General Electric
172,1,Bruker,enumeration_text
172,2,DOTY,enumeration_text
172,3,GE,enumeration_text
172,4,JEOL,enumeration_text
172,5,Varian,enumeration_text
173,1,no,enumeration_text
173,2,yes,enumeration_text
267,1,?,enumeration_text
268,1,isotropic,enumeration_text
268,2,anisotropic,enumeration_text
268,3,solid,enumeration_text
265,1,s,enumeration_text
265,2,ms,enumeration_text
265,3,us,enumeration_text
265,4,ns,enumeration_text
265,5,ps,enumeration_text
266,1,s,enumeration_text
266,2,ms,enumeration_text
266,3,us,enumeration_text
266,4,ns,enumeration_text
266,5,ps,enumeration_text
325,1,?,enumeration_text
326,1,isotropic,enumeration_text
326,2,anisotropic,enumeration_text
326,3,solid,enumeration_text
227,1,?,enumeration_text
228,1,isotropic,enumeration_text
228,2,anisotropic,enumeration_text
228,3,solid,enumeration_text
207,1,d,doublet
207,2,dd,"doublet of doublets"
207,3,ddd,"doublet of doublets of doublets"
207,4,dm,"doublet of multiplets"
207,5,dt,"doublet of triplets"
207,6,hxt,hextet
207,7,hpt,heptet
207,8,m,multiplet
207,9,q,quartet
207,10,qd,"quartet of doublets"
207,11,qn,quintet
207,12,s,singlet
207,13,sxt,sextet
207,14,t,triplet
207,15,td,"triplet of doublets"
206,1,height,enumeration_text
206,2,volume,enumeration_text
206,3,number of contours,enumeration_text
270,1,?,enumeration_text
271,1,isotropic,enumeration_text
271,2,anisotropic,enumeration_text
271,3,solid,enumeration_text
269,1,chemical shift,enumeration_text
269,2,coupling constant,enumeration_text
269,3,peak height,enumeration_text
269,4,peak volume,enumeration_text
272,1,chemical shift,enumeration_text
272,2,coupling constant,enumeration_text
272,3,peak height,enumeration_text
272,4,peak volume,enumeration_text
317,1,?,enumeration_text
318,1,isotropic,enumeration_text
318,2,anisotropic,enumeration_text
318,3,solid,enumeration_text
221,1,?,enumeration_text
222,1,isotropic,enumeration_text
222,2,anisotropic,enumeration_text
222,3,solid,enumeration_text
71,1,BMRB,"BioMagResBank"
71,2,PDB,"Protein Databank"
71,3,NDB,"Nucleic Acid Database"
71,4,TargetDB,"Target registration database"
71,5,EMDB,"Electron Microscopy Volume Data Bank"
71,6,BMCD,"Biological Macromolecule Crystallization Database"
70,1,original,"First release of the data to the public."
70,2,update,enumeration_text
294,1,distance geometry,enumeration_text
294,2,simulated annealing,enumeration_text
294,3,molecular dynamics,enumeration_text
294,4,matrix relaxation,enumeration_text
294,5,torsion angle dynamics,enumeration_text
293,1,experimental,enumeration_text
293,2,derived experimentally,enumeration_text
293,3,theoretical,enumeration_text
146,1,90% H2O/10% D2O,enumeration_text
146,2,93% H2O/7% D2O,enumeration_text
146,3,95% H2O/5% D2O,enumeration_text
146,4,50% H2O/50% D2O,enumeration_text
146,5,100% D2O,enumeration_text
146,6,acetone,enumeration_text
146,7,chloroform,enumeration_text
146,8,DMSO,enumeration_text
146,9,ethanol/water,enumeration_text
146,10,methanol,enumeration_text
146,11,trifluoroacetic acid,enumeration_text
146,12,trifluoroethanol/water,enumeration_text
145,1,solution,enumeration_text
145,2,solid,enumeration_text
145,3,bicelle,enumeration_text
145,4,emulsion,enumeration_text
145,5,fiber,enumeration_text
145,6,filamentous virus,enumeration_text
145,7,gel,enumeration_text
145,8,liposome,enumeration_text
145,9,membrane,enumeration_text
145,10,micelle,enumeration_text
145,11,lyophilized powder,enumeration_text
145,12,oriented membrane film,enumeration_text
145,13,fibrous protein,enumeration_text
145,14,polycrystalline powder,enumeration_text
145,15,reverse micelle,enumeration_text
145,16,single crystal,enumeration_text
149,1,M,Molar
149,2,mM,millimolar
149,3,uM,micromolar
149,4,nM,nanomolar
149,5,%,percent
149,6,v/v,"volume to volume"
149,7,w/v,"weight to volume"
149,8,mg,"milligram"
149,9,ug,"microgram"
148,1,natural abundance,enumeration_text
148,2,[U-100% 15N],enumeration_text
148,3,[U-99% 15N],"Uniformly labeled with 15N at a level of 99 percent"
148,4,[U-98% 15N],enumeration_text
148,5,[U-95% 15N],enumeration_text
148,6,[U-90% 15N],enumeration_text
148,7,[U-15N],"Uniformly labeled with 15N at an unknown percentage"
148,8,[U-100% 13C],enumeration_text
148,9,[U-95% 13C],enumeration_text
148,10,[U-10% 13C],"Uniformly labeled with 13C at a level of 10 percent"
148,11,[U-13C],"Uniformly labeled with 13C at an unknown percentage"
148,12,[U-100% 13C; U-100% 15N],enumeration_text
148,13,[U-99% 13C; U-99% 15N],"Uniformly labeled with 13C at 99 percent and 15N at 99 percent"
148,14,[U-98% 13C; U-98% 15N],enumeration_text
148,15,[U-95% 13C; U-95% 15N],enumeration_text
148,16,[U-95% 13C; U-90% 15N],enumeration_text
148,17,[U-10% 13C; U-100% 15N],enumeration_text
148,18,[U-10% 13C; U-99% 15N],enumeration_text
148,19,[U-13C; U-15N],"Uniformly labeled with 13C and 15N at unknown percentages"
148,20,[U-100% 13C; U-100% 15N; U-80% 2H],enumeration_text
148,21,[U-13C; U-15N; U-2H],"Uniformly labeled with 13C$ 15N$ and 2H at unknown percentages"
148,22,[U-100% 2H],enumeration_text
148,23,[U-99% 2H],enumeration_text
148,24,[U-2H],enumeration_text
148,25,[U-13C; U-15N]-Ade,"All adenine nucleotides labeled fully with both 13C and 15N"
148,26,[U-13C; U-15N]-Cyt,"All cytosine nucleotides labeled fully with both 13C and 15N"
148,27,[U-13C; U-15N]-Gua,"All guanine nucleotides labeled fully with both 13C and 15N"
148,28,[U-13C; U-15N]-Ura,"All uracil nucleotides labeled fully with both 13C and 15N"
148,29,[U-15N]-Leu,"Uniformly labeled 15N Leu residues"
148,30,[95% 13CA]-Trp,"All Trp residues labeled 95 percent with 13C in the CA position"
147,1,D2O,enumeration_text
147,2,DSS,enumeration_text
147,3,DTT,enumeration_text
147,4,H2O,enumeration_text
147,5,PMSF,enumeration_text
147,6,potassium chloride,enumeration_text
147,7,potassium phosphate,enumeration_text
147,8,sodium azide,enumeration_text
147,9,sodium chloride,enumeration_text
147,10,sodium phosphate,enumeration_text
147,11,TRIS,enumeration_text
147,12,TSP,enumeration_text
147,13,acetic acid,enumeration_text
147,14,AEBSF protease inhibitor,enumeration_text
147,15,ammonium acetate,enumeration_text
147,16,ammonium citrate,enumeration_text
147,17,ammonium sulfate,enumeration_text
147,18,APMSF,enumeration_text
147,19,ascorbate,enumeration_text
147,20,beta-mercaptoethanol,enumeration_text
147,21,cacodylate,enumeration_text
147,22,CHAPS,enumeration_text
147,23,chloroform,enumeration_text
147,24,DHPC,enumeration_text
147,25,DMPC,enumeration_text
147,26,DMPG,enumeration_text
147,27,DMSO,enumeration_text
147,28,DPC,enumeration_text
147,29,EDTA,enumeration_text
147,30,ethanol,enumeration_text
147,31,formate,enumeration_text
147,32,glycerol,enumeration_text
147,33,glycine,enumeration_text
147,34,HEPES,enumeration_text
147,35,imidazole,enumeration_text
147,36,MES,enumeration_text
147,37,methanol,enumeration_text
147,38,pefabloc,enumeration_text
147,39,Pf1 phage,enumeration_text
147,40,PIPES,enumeration_text
147,41,potassium cyanide,enumeration_text
147,42,SDS,enumeration_text
147,43,sodium acetate,enumeration_text
147,44,sodium dithionite,enumeration_text
147,45,sodium sulfate,enumeration_text
147,46,succinic acid,enumeration_text
147,47,t-butanol,enumeration_text
147,48,TCEP,enumeration_text
147,49,TES,enumeration_text
147,50,TFA,enumeration_text
147,51,TFE,enumeration_text
147,52,urea,enumeration_text
150,1,pH,enumeration_text
150,2,pH*,enumeration_text
150,3,pD,enumeration_text
150,4,temperature,enumeration_text
150,5,pressure,enumeration_text
150,6,ionic strength,enumeration_text
150,7,viscosity,enumeration_text
150,8,dielectric constant,enumeration_text
150,9,temperature controller setting,enumeration_text
151,1,Pa,Pascal 1 Pa = 1 N m^-2
151,2,bar,bar 1 bar = 10^5 Pa
151,3,atm,enumeration_text
151,4,mmHg,enumeration_text
151,5,Torr,enumeration_text
151,6,mbar,millibar
151,7,K,Kelvin
151,8,C,enumeration_text
151,9,pH,enumeration_text
151,10,M,enumeration_text
151,11,mM,enumeration_text
151,12,P,enumeration_text
151,13,cP,enumeration_text
151,14,m^2/s,enumeration_text
151,15,Pa.s,enumeration_text
151,16,Not defined,enumeration_text
152,1,AMBER,enumeration_text
152,2,AngleSearch,enumeration_text
152,3,ANSIG,enumeration_text
152,4,AQUA,enumeration_text
152,5,ARIA,enumeration_text
152,6,AURELIA,enumeration_text
152,7,Auremol,enumeration_text
152,8,AutoAssign,enumeration_text
152,9,AutoStructure,enumeration_text
152,10,AVS,enumeration_text
152,11,AZARA,enumeration_text
152,12,BIRDER,enumeration_text
152,13,CAPP,enumeration_text
152,14,CNS,enumeration_text
152,15,CNSSOLVE,enumeration_text
152,16,CORMA,enumeration_text
152,17,CSI,enumeration_text
152,18,CURVES,enumeration_text
152,19,CYANA,enumeration_text
152,20,DELTA,enumeration_text
152,21,DGII,enumeration_text
152,22,DIAMOD,enumeration_text
152,23,DIANA,enumeration_text
152,24,DISCOVER,enumeration_text
152,25,DSPACE,enumeration_text
152,26,DYANA,enumeration_text
152,27,EMBOSS,enumeration_text
152,28,FANTOM,enumeration_text
152,29,Felix,enumeration_text
152,30,GARANT,enumeration_text
152,31,GIFA,enumeration_text
152,32,GROMOS,enumeration_text
152,33,HYPER,enumeration_text
152,34,InsightII,enumeration_text
152,35,MARDIGRAS,enumeration_text
152,36,ModelFree,enumeration_text
152,37,Molmol,enumeration_text
152,38,MORASS,enumeration_text
152,39,NDEE,enumeration_text
152,40,NMRCOMPASS,enumeration_text
152,41,NMRDraw,enumeration_text
152,42,NMRPipe,enumeration_text
152,43,NMR-STAR,enumeration_text
152,44,NMRView,enumeration_text
152,45,NOAH,enumeration_text
152,46,NOEID,enumeration_text
152,47,NUCFIT,enumeration_text
152,48,NUTS,enumeration_text
152,49,OPAL,enumeration_text
152,50,PDB,enumeration_text
152,51,PECAN,enumeration_text
152,52,PINE,enumeration_text
152,53,PIPP,enumeration_text
152,54,PISTACHIO,enumeration_text
152,55,Procheck,enumeration_text
152,56,ProcheckNMR,enumeration_text
152,57,P-ROI,enumeration_text
152,58,PRONTO,enumeration_text
152,59,PROSA,enumeration_text
152,60,PSVS,enumeration_text
152,61,QUEEN,enumeration_text
152,62,RESCUE,enumeration_text
152,63,SANE,enumeration_text
152,64,SPARKY,enumeration_text
152,65,SPSCAN,enumeration_text
152,66,SYBYL,enumeration_text
152,67,TALOS,enumeration_text
152,68,TINKER,enumeration_text
152,69,TOPSPIN,enumeration_text
152,70,TRIPOS,enumeration_text
152,71,UXNMR,enumeration_text
152,72,VNMR,enumeration_text
152,73,VNMRJ,enumeration_text
152,74,WhatIF,enumeration_text
152,75,Wattos,enumeration_text
152,76,XEASY,enumeration_text
152,77,X-PLOR,enumeration_text
152,78,X-PLOR NIH,enumeration_text
152,79,xwinnmr,enumeration_text
153,1,AMBER,enumeration_text
153,2,AngleSearch,enumeration_text
153,3,ANSIG,enumeration_text
153,4,Analysis,enumeration_text
153,5,AQUA,enumeration_text
153,6,ARIA,enumeration_text
153,7,AURELIA,enumeration_text
153,8,AUREMOL,enumeration_text
153,9,AutoAssign,enumeration_text
153,10,AutoStruct,enumeration_text
153,11,AVS,enumeration_text
153,12,AZARA,enumeration_text
153,13,BIRDER,enumeration_text
153,14,CARA,enumeration_text
153,15,CAPP,enumeration_text
153,16,CcpNMR,enumeration_text
153,17,CNS,enumeration_text
153,18,CNSSOLVE,enumeration_text
153,19,CORMA,enumeration_text
153,20,CSI,enumeration_text
153,21,CURVES,enumeration_text
153,22,CYANA,enumeration_text
153,23,DGII,enumeration_text
153,24,DIAMOD,enumeration_text
153,25,DISCOVER,enumeration_text
153,26,DYANA,enumeration_text
153,27,DYNAMO,enumeration_text
153,28,EMBOSS,enumeration_text
153,29,FANTOM,enumeration_text
153,30,Felix,enumeration_text
153,31,GARANT,enumeration_text
153,32,Gaussian,enumeration_text
153,33,GIFA,enumeration_text
153,34,HYPER,enumeration_text
153,35,InsightII,enumeration_text
153,36,MARDIGRAS,enumeration_text
153,37,ModelFree,enumeration_text
153,38,Molmol,enumeration_text
153,39,MORASS,enumeration_text
153,40,NDEE,enumeration_text
153,41,NMRDraw,enumeration_text
153,42,NMRPipe,enumeration_text
153,43,NMRView,enumeration_text
153,44,NOAH,enumeration_text
153,45,NOEID,enumeration_text
153,46,NUCFIT,enumeration_text
153,47,NUTS,enumeration_text
153,48,OPAL,enumeration_text
153,49,PECAN,enumeration_text
153,50,PINE,enumeration_text
153,51,PIPP,enumeration_text
153,52,PISTACHIO,enumeration_text
153,53,Procheck,enumeration_text
153,54,ProcheckNMR,enumeration_text
153,55,P-ROI,enumeration_text
153,56,PRONTO,enumeration_text
153,57,PROSA,enumeration_text
153,58,PSVS,enumeration_text
153,59,QUEEN,enumeration_text
153,60,RESCUE,enumeration_text
153,61,SANE,enumeration_text
153,62,SPARKY,enumeration_text
153,63,SPSCAN,enumeration_text
153,64,SYBYL,enumeration_text
153,65,TALOS,enumeration_text
153,66,TOPSPIN,enumeration_text
153,67,UXNMR,enumeration_text
153,68,VNMR,enumeration_text
153,69,WhatIF,enumeration_text
153,70,Wattos,enumeration_text
153,71,XEASY,enumeration_text
153,72,X-PLOR,enumeration_text
153,73,X-PLOR NIH,enumeration_text
153,74,xwinnmr,enumeration_text
209,1,identity,enumeration_text
209,2,sequential,enumeration_text
209,3,basepair,enumeration_text
209,4,covalent,enumeration_text
209,5,hbond,enumeration_text
209,6,saltbridge,enumeration_text
209,7,dative,enumeration_text
63,1,not applicable,enumeration_text
63,2,Accelerated Technologies Center for Gene to 3D Structure,enumeration_text
63,3,Architecture and Function of Biological Macromolecules Structure Genomics,ASG
63,4,Bacterial targets at IGS-CNRS France,enumeration_text
63,5,Berkeley Structural Genomics Center,BSGC
63,6,Center for Eukaryotic Structural Genomics,CESG
63,7,Center for High-Throughput Structural Biology,enumeration_text
63,8,Center for Structures of Membrane Proteins,enumeration_text
63,9,Integrated Center for Structure and Function Innovation,enumeration_text
63,10,Israel Structural Proteomics Center,enumeration_text
63,11,Joint Center for Structural Genomics,JCSG
63,12,Marseilles Structural Genomics Program @ AFMB,enumeration_text
63,13,Midwest Center for Structural Genomics,MCSG
63,14,Montreal-Kingston Bacterial Structural Genomics Initiative,enumeration_text
63,15,Mycobacterium Tuberculosis Structural Proteomics Project,enumeration_text
63,16,New York Consortium on Membrane Protein Structure,enumeration_text
63,17,New York Structural Genomics Research Consortium,NYSGRC
63,18,New York Structural GenomiX Research Consortium,enumeration_text
63,19,Northeast Structural Genomics Consortium,NESGC
63,20,Ontario Centre for Structural Proteomics,enumeration_text
63,21,Oxford Protein Production Facility,enumeration_text
63,22,Paris-Sud Yeast Structural Genomics,enumeration_text
63,23,Protein Structure Factory,PSF
63,24,RIKEN Structural Genomics/Proteomics Initiative,enumeration_text
63,25,Scottish Structural Proteomics Facility,enumeration_text
63,26,Southeast Collaboratory for Structural Genomics,SECSG
63,27,Structural Genomics Consortium,enumeration_text
63,28,Structural Genomics of Pathogenic Protozoa Consortium,SGPPC
63,29,Structural Proteomics in Europe,enumeration_text
63,30,Structure 2 Function Project,enumeration_text
63,31,TB Structural Genomics Consortium,TBSGC
63,32,Yeast Structural Genomics,YSG
63,33,North West Structural Genomics Centre,NWSGC
64,1,BIGS,enumeration_text
64,2,BSGC,enumeration_text
64,3,CESG,enumeration_text
64,4,ISPC,enumeration_text
64,5,JCSG,enumeration_text
64,6,MSGP,enumeration_text
64,7,MCSG,enumeration_text
64,8,BSGI,enumeration_text
64,9,XMTB,enumeration_text
64,10,NYSGRC,enumeration_text
64,11,NESG,enumeration_text
64,12,OPPF,enumeration_text
64,13,YSG,enumeration_text
64,14,PSF,enumeration_text
64,15,RSGI,enumeration_text
64,16,SECSG,enumeration_text
64,17,SGC,enumeration_text
64,18,SGPP,enumeration_text
64,19,SPINE,enumeration_text
64,20,S2F,enumeration_text
64,21,TBSGC,enumeration_text
62,1,not applicable,enumeration_text
62,2,PSI$ Protein Structure Initiative,enumeration_text
62,3,NPPSFA$ National Project on Protein Structural and Functional Analyses,enumeration_text
225,1,?,enumeration_text
226,1,isotropic,enumeration_text
226,2,anisotropic,enumeration_text
226,3,solid,enumeration_text
205,1,?,enumeration_text
208,1,height,enumeration_text
208,2,volume,enumeration_text
208,3,number of contours,enumeration_text
89,1,yes,enumeration_text
89,2,no,enumeration_text
90,1,yes,enumeration_text
90,2,no,enumeration_text
42,1,Structure analysis,enumeration_text
42,2,Mutant comparison,enumeration_text
42,3,Interactions with different ligands,enumeration_text
97,1,yes,enumeration_text
97,2,no,enumeration_text
199,1,TROSY offset,enumeration_text
199,2,2H isotope effect,enumeration_text
199,3,13C isotope effect,enumeration_text
199,4,15N isotope effect,enumeration_text
199,5,SAIL isotope labeling,enumeration_text
200,1,amide protons,enumeration_text
200,2,amide nitrogens,enumeration_text
200,3,all nitrogen bonded protons,enumeration_text
200,4,all nitrogens,enumeration_text
200,5,all 1H,enumeration_text
200,6,all 13C,enumeration_text
200,7,all 15N,enumeration_text
200,8,all 19F,enumeration_text
200,9,all 31P,enumeration_text
155,1,collection,enumeration_text
155,2,chemical shift assignment,enumeration_text
155,3,chemical shift calculation,enumeration_text
155,4,data analysis,enumeration_text
155,5,geometry optimization,enumeration_text
155,6,peak picking,enumeration_text
155,7,processing,enumeration_text
155,8,refinement,enumeration_text
155,9,structure solution,enumeration_text
315,1,?,enumeration_text
316,1,isotropic,enumeration_text
316,2,anisotropic,enumeration_text
316,3,solid,enumeration_text
40,1,NMR-STAR 3.0 deposition file,enumeration_text
40,2,Assigned chemical shifts,enumeration_text
40,3,Coupling constants,enumeration_text
40,4,D/H fractionation factors,enumeration_text
40,5,H-exchange protection factors,enumeration_text
40,6,H-exchange rates,enumeration_text
40,7,pH NMR parameter list,enumeration_text
40,8,pKa values,enumeration_text
40,9,Order parameters,enumeration_text
40,10,Dipole-dipole relaxation values,enumeration_text
40,11,Cross correlation relaxation values,enumeration_text
40,12,Spectral density values,enumeration_text
40,13,T1 relaxation values,enumeration_text
40,14,T1rho relaxation values,enumeration_text
40,15,T2 relaxation values,enumeration_text
40,16,Residual dipolar couplings,enumeration_text
40,17,Conformer statistical characteristics,enumeration_text
40,18,Constraint statistics,enumeration_text
40,19,Heteronuclear NOE values,enumeration_text
40,20,Homonuclear NOE values,enumeration_text
40,21,Other kinds of data,enumeration_text
40,22,Torsion angle constraints,enumeration_text
40,23,Quadrupolar coupling data,enumeration_text
40,24,Dipolar tensors,enumeration_text
40,25,CSA tensors,enumeration_text
41,1,NMR-STAR 3.0,enumeration_text
41,2,NMR-STAR 2.1,enumeration_text
154,1,(ACME) - Delaglio$ Zhengrong and Bax,enumeration_text
154,2,(AMBER) - Case$ Darden$ Cheatham$ III$ Simmerling$ Wang$ Duke$ Luo$ ... and Kollman,enumeration_text
154,3,(ANSIG) - Kraulis,enumeration_text
154,4,(Analysis) - CCPN,enumeration_text
154,5,(AQUA) - Rullmann$ Doreleijers and Kaptein,enumeration_text
154,6,(ARIA) - Linge$ O'Donoghue and Nilges,enumeration_text
154,7,(AURELIA) - Neidig$ Geyer$ Gorler$ Antz$ Saffrich$ Beneicke$ Kalbitzer,enumeration_text
154,8,(AUREMOL) - Bruker Biospin,enumeration_text
154,9,(AutoAssign) - Zimmerman$ Moseley$ Kulikowski and Montelione,enumeration_text
154,10,(AutoStructure) - Huang$ Tejero$ Powers and Montelione,enumeration_text
154,11,(AVS) - Moseley and Montelione,enumeration_text
154,12,(AZARA) - Boucher,enumeration_text
154,13,(CANDID) - Herrmann$ Guntert and Wuthrich,enumeration_text
154,14,(CAPP) - Garrett,enumeration_text
154,15,(CARA) - Keller and Wuthrich,enumeration_text
154,16,(CcpNMR) - CCPN,enumeration_text
154,17,(CNS) - Brunger$ Adams$ Clore$ Gros$ Nilges and Read,enumeration_text
154,18,(CYANA) -  Guntert$ Mumenthaler and Wuthrich,enumeration_text
154,19,(DGII) - Accelrys Software Inc.,enumeration_text
154,20,(DIANA) - Guntert$ Braun and Wuthrich,enumeration_text
154,21,(DISCOVER) - Accelrys Software Inc.,enumeration_text
154,22,(DSPACE) - Hare,enumeration_text
154,23,(DYANA) - Guntert$ Braun and Wuthrich,enumeration_text
154,24,(DYNAMO) - Delaglio and Kuszewski,enumeration_text
154,25,(EMBOSS - Rice$ Longden and Bleasby,enumeration_text
154,26,(FANTOM) - Braun,enumeration_text
154,27,(Felix) - Accelrys Software Inc.,enumeration_text
154,28,(GARANT) - Bartels$ Guntert$ Billeter and Wuthrich,enumeration_text
154,29,(Gaussian) - Gaussian$ Inc.,enumeration_text
154,30,(GIFA) - Delsuc,enumeration_text
154,31,(GROMOS) - van Gunsteren and Berendsen,enumeration_text
154,32,(HYPER) - Tejero$ Monleon$ Celda$ Powers and Montelione,enumeration_text
154,33,(InsightII) -  Accelrys Software Inc.,enumeration_text
154,34,(ModelFree) - Palmer,enumeration_text
154,35,(Molmol) - Koradi$ Billeter and Wuthrich,enumeration_text
154,36,(MOLPROBITY) - Richardson,enumeration_text
154,37,(MORASS) - Luxon,enumeration_text
154,38,(NDEE) - Roesch and Herrmann,enumeration_text
154,39,(NMRDraw) - Delaglio$ Grzesiek$ Vuister$ Zhu$ Pfeifer and Bax,enumeration_text
154,40,(NMRPipe) - Delaglio$ Grzesiek$ Vuister$ Zhu$ Pfeifer and Bax,enumeration_text
154,41,(NMRView) - Johnson$ One Moon Scientific,enumeration_text
154,42,(NUTS) - Acorn NMR Inc.,enumeration_text
154,43,(OPAL) - Luginbuhl$ Guntert$ Billeter and Wuthrich,enumeration_text
154,44,(PECAN) - Eghbalnia$ Wang$ Bahrami$ Assadi$ and Markley,enumeration_text
154,45,(PINE) - Bahrami$ Markley$ Assadi$ and Eghbalnia,enumeration_text
154,46,(PIPP) - Garrett,enumeration_text
154,47,(PISTACHIO) - Eghbalnia$ Bahrami$ Wang$ Assadi and Markley,enumeration_text
154,48,(Procheck) - Laskowski$ MacArthur$ Smith$ Jones$ Hutchinson$ Morris$ Moss and Thornton,enumeration_text
154,49,(ProcheckNMR) - Laskowski and MacArthur,enumeration_text
154,50,(P-ROI) - Kohda,enumeration_text
154,51,(PRONTO) - Kjur$ Andersen and Poulsen,enumeration_text
154,52,(PROSA) - Guntert,enumeration_text
154,53,(PSVS) - Bhattacharya and Montelione,enumeration_text
154,54,(QUEEN) - Nabuurs$ Spronk$ Krieger$ Maassen$ Vriend and Vuister,enumeration_text
154,55,(RESCUE) - Pons and Delsuc,enumeration_text
154,56,(SANE) - Duggan$ Legge$ Dyson & Wright,enumeration_text
154,57,(SPARKY) - Goddard,enumeration_text
154,58,(SPSCAN) - Glaser,enumeration_text
154,59,(STAPP) - Garrett,enumeration_text
154,60,(Surflex-Dock) - Tripos,enumeration_text
154,61,(SYBYL) - Tripos,enumeration_text
154,62,(TALOS) - Cornilescu$ Delaglio and Bax,enumeration_text
154,63,(TINKER) - Ponder,enumeration_text
154,64,(TOPSPIN) - Bruker Biospin,enumeration_text
154,65,(TRIAD) - Tripos,enumeration_text
154,66,(TRIPOS) - Tripos,enumeration_text
154,67,(UXNMR) - Bruker Biospin,enumeration_text
154,68,(VNMR) - Varian,enumeration_text
154,69,(WhatIF) - Vriend,enumeration_text
154,70,(Wattos) - Doreleijers,enumeration_text
154,71,(XEASY) - Bartels et al.,enumeration_text
154,72,(X-PLOR) - Brunger,enumeration_text
154,73,(X-PLOR NIH) - Schwieters$ Kuszewski$ Tjandra and Clore,enumeration_text
154,74,(xwinnmr) - Bruker Biospin,enumeration_text
TBL_END,?,?,?
